{"info":{"title":"Karbon14 API","version":"1.0.0"},"basePath":"/v1","swagger":"2.0","paths":{"/contact":{"post":{"description":"Support email","produces":["application/json"],"parameters":[{"in":"body","name":"contact","description":"Contact schema.","schema":{"$ref":"#/definitions/Contact"}}],"responses":{"200":{"description":"200 ok"}}}},"/subscribe":{"post":{"description":"Subscribe to a list of mailchimp","produces":["application/json"],"parameters":[{"in":"body","name":"subscribe","description":"Subscribe schema.","schema":{"$ref":"#/definitions/Subscribe"}}],"responses":{"200":{"description":"200 ok"}}}},"/whitepaper":{"get":{"description":"Download whitepaper","produces":["application/pdf"],"responses":{"200":{"description":"File whitepaper","content":{"application/pdf":{"schema":{"type":"string","format":"binary"}}}}}}}},"definitions":{"Contact":{"properties":{"name":{"type":"string"},"email":{"type":"string","format":"email"},"message":{"type":"string"}},"required":["name","email","message"]},"Subscribe":{"properties":{"email":{"type":"string","format":"email"}},"required":["email"]}},"responses":{},"parameters":{},"securityDefinitions":{},"tags":[]}